participant,repeat_Prev Low Correct,repeat_Previous High Correct,repeat_Previous No Points,repeat_NA,switch_Prev Low Correct,switch_Previous High Correct,switch_Previous No Points,switch_NA,NA_Prev Low Correct,NA_Previous High Correct,NA_Previous No Points,NA_NA
1000,714.10934146204,772.911827585756,705.514849334334,,684.820220000499,811.005846674864,762.628811104352,,,,,
1001,772.623991425748,821.327226472717,786.192119280045,,832.550706232723,934.564037481323,832.143917841937,,,,,
1002,884.627703768377,771.827140741085,768.180027584032,,839.106266669026,822.242890897376,836.385470592444,,,,,
1003,1110.94979187662,1202.16379998278,1001.48431639011,,1114.16467895584,912.177279995135,1217.9734021242,,,,,
,,,,,,,,,,,,
